{
    "success": true,
    "data": [
        {
            "id": 22,
            "category_id": 2,
            "subcategory_id": 5,
            "quiz_id": null,
            "class_id": null,
            "user_id": 13,
            "lang_id": 3,
            "title": {
                "ar": "کیمیا",
                "en": ""
            },
            "slug": "m-1",
            "duration": "890",
            "image": "public/uploads/courses/83dcd405aed4cfe7d41d5cbb210f7748.png",
            "thumbnail": "public/uploads/courses/e1f58f76b68dbcd310a89e4f00fa4f73.png",
            "price": 560000,
            "discount_price": null,
            "publish": 1,
            "status": 1,
            "level": 4,
            "trailer_link": null,
            "host": "",
            "meta_keywords": "",
            "meta_description": "",
            "about": {
                "en": ""
            },
            "special_commission": null,
            "total_enrolled": 0,
            "reveune": 0,
            "reveiw": 0,
            "type": 1,
            "created_at": "2022-09-19T16:59:47.000000Z",
            "updated_at": "2022-09-19T16:59:52.000000Z",
            "drip": 0,
            "subscription": "0",
            "requirements": {
                "en": ""
            },
            "outcomes": {
                "en": ""
            },
            "lms_id": 1,
            "subscription_list": null,
            "total_rating": 0,
            "scope": 1,
            "complete_order": 0,
            "certificate_id": null,
            "show_overview_media": 0,
            "show_mode_of_delivery": 1,
            "mode_of_delivery": 1,
            "what_learn1": null,
            "what_learn2": null,
            "view": 0,
            "feature": 0,
            "assistant_instructors": null,
            "required_type": 0,
            "dateFormat": "19th Sep, 2022",
            "publishedDate": "19th Sep, 2022",
            "sumRev": 0,
            "purchasePrice": 0,
            "enrollCount": 0,
            "user": {
                "id": 13,
                "role_id": 2,
                "name": "فاتیح محمد فەرەج",
                "photo": "public/demo/user/admin.jpg",
                "image": "public/uploads/instructors/05a975d5ad7ebfdb160a1cbb08988df4.jpg",
                "avatar": "public/uploads/instructors/05a975d5ad7ebfdb160a1cbb08988df4.jpg",
                "mobile_verified_at": null,
                "email_verified_at": "2022-06-23T07:46:41.000000Z",
                "notification_preference": "mail",
                "is_active": 1,
                "username": null,
                "email": "fatih@gmail.com",
                "email_verify": "1",
                "headline": null,
                "phone": "07701466269",
                "address": null,
                "city": "1374",
                "country": "104",
                "zip": null,
                "dob": "",
                "about": "<p style=\"text-align: right; \"><font color=\"#050505\" face=\"Segoe UI Historic, Segoe UI, Helvetica, Arial, sans-serif\"><span style=\"font-size: 15px;\">یەکێک لە مامۆستا پسپۆرەکانی وانەی کیمیا پۆلی دوازدەی زانستی لەسەر ئاستی سلێمانی و کوردستان</span></font></p>",
                "short_details": null,
                "facebook": "",
                "twitter": "",
                "linkedin": null,
                "instagram": "",
                "youtube": null,
                "subscribe": 0,
                "provider": null,
                "provider_id": null,
                "language_id": "19",
                "language_code": "en",
                "language_name": "English",
                "status": 1,
                "balance": 0,
                "currency_id": 112,
                "special_commission": 0,
                "payout": "PayPal",
                "payout_icon": "public/uploads/payout/pay_1.png",
                "payout_email": "demo@paypal.com",
                "referral": null,
                "added_by": 1,
                "zoom_api_key_of_user": null,
                "zoom_api_serect_of_user": null,
                "created_at": "2022-06-23T07:46:41.000000Z",
                "updated_at": "2022-09-08T18:31:31.000000Z",
                "bank_name": null,
                "branch_name": null,
                "bank_account_number": null,
                "account_holder_name": null,
                "bank_type": null,
                "lms_id": 1,
                "subscription_method": null,
                "subscription_api_key": null,
                "subscription_api_status": 0,
                "total_rating": 0,
                "language_rtl": 0,
                "gender": null,
                "student_type": null,
                "identification_number": null,
                "job_title": null,
                "company_id": null,
                "student_group_id": null,
                "last_activity_at": "2022-09-08 21:31:31",
                "teach_via": 1,
                "access_token": null,
                "device_token": null,
                "policy_id": null,
                "state": null,
                "company": null,
                "first_name": "فاتیح محمد فەرەج",
                "last_name": "",
                "blocked_by_me": null
            },
            "enrolls": []
        },
        {
            "id": 21,
            "category_id": 2,
            "subcategory_id": 5,
            "quiz_id": null,
            "class_id": null,
            "user_id": 7,
            "lang_id": 3,
            "title": {
                "ar": "کیمیا",
                "en": ""
            },
            "slug": "m",
            "duration": "490",
            "image": "public/uploads/courses/2dfccf104100e0ce4f7e79bfcc52e3ea.png",
            "thumbnail": "public/uploads/courses/6436c9c1c9fbf662975f412609b79958.png",
            "price": 780000,
            "discount_price": null,
            "publish": 1,
            "status": 1,
            "level": 4,
            "trailer_link": null,
            "host": "",
            "meta_keywords": "",
            "meta_description": "",
            "about": {
                "en": ""
            },
            "special_commission": null,
            "total_enrolled": 0,
            "reveune": 0,
            "reveiw": 0,
            "type": 1,
            "created_at": "2022-09-19T16:58:52.000000Z",
            "updated_at": "2022-09-19T16:59:52.000000Z",
            "drip": 0,
            "subscription": "0",
            "requirements": {
                "en": ""
            },
            "outcomes": {
                "en": ""
            },
            "lms_id": 1,
            "subscription_list": null,
            "total_rating": 0,
            "scope": 1,
            "complete_order": 0,
            "certificate_id": null,
            "show_overview_media": 0,
            "show_mode_of_delivery": 1,
            "mode_of_delivery": 1,
            "what_learn1": null,
            "what_learn2": null,
            "view": 0,
            "feature": 0,
            "assistant_instructors": null,
            "required_type": 0,
            "dateFormat": "19th Sep, 2022",
            "publishedDate": "19th Sep, 2022",
            "sumRev": 0,
            "purchasePrice": 0,
            "enrollCount": 0,
            "user": {
                "id": 7,
                "role_id": 2,
                "name": "سۆران صاڵح",
                "photo": "public/demo/user/admin.jpg",
                "image": "public/uploads/instructors/1cea650e465d784eb87b405d4f9680ad.jpg",
                "avatar": "public/uploads/instructors/1cea650e465d784eb87b405d4f9680ad.jpg",
                "mobile_verified_at": null,
                "email_verified_at": "2022-06-23T07:24:03.000000Z",
                "notification_preference": "mail",
                "is_active": 1,
                "username": null,
                "email": "fatih5@gmail.com",
                "email_verify": "1",
                "headline": null,
                "phone": "07701466212",
                "address": null,
                "city": "1374",
                "country": "104",
                "zip": null,
                "dob": "",
                "about": "<p><span style=\"color: rgb(5, 5, 5); font-family: &quot;Segoe UI Historic&quot;, &quot;Segoe UI&quot;, Helvetica, Arial, sans-serif; font-size: 15px; text-align: right;\">یەکێک لە مامۆستا پسپۆرەکانی وانەی کیمیا پۆلی&nbsp;</span><span style=\"color: rgb(5, 5, 5); font-family: &quot;Segoe UI Historic&quot;, &quot;Segoe UI&quot;, Helvetica, Arial, sans-serif; font-size: 15px; text-align: right;\">دوازدەی&nbsp;</span><span style=\"color: rgb(5, 5, 5); font-family: &quot;Segoe UI Historic&quot;, &quot;Segoe UI&quot;, Helvetica, Arial, sans-serif; font-size: 15px; text-align: right;\">زانستی لەسەر ئاستی سلێمانی و کوردستان</span><br></p>",
                "short_details": null,
                "facebook": "",
                "twitter": "",
                "linkedin": null,
                "instagram": "",
                "youtube": null,
                "subscribe": 0,
                "provider": null,
                "provider_id": null,
                "language_id": "19",
                "language_code": "en",
                "language_name": "English",
                "status": 1,
                "balance": 0,
                "currency_id": 112,
                "special_commission": 0,
                "payout": "PayPal",
                "payout_icon": "public/uploads/payout/pay_1.png",
                "payout_email": "demo@paypal.com",
                "referral": null,
                "added_by": 1,
                "zoom_api_key_of_user": null,
                "zoom_api_serect_of_user": null,
                "created_at": "2022-06-23T07:24:03.000000Z",
                "updated_at": "2022-09-08T00:59:46.000000Z",
                "bank_name": null,
                "branch_name": null,
                "bank_account_number": null,
                "account_holder_name": null,
                "bank_type": null,
                "lms_id": 1,
                "subscription_method": null,
                "subscription_api_key": null,
                "subscription_api_status": 0,
                "total_rating": 0,
                "language_rtl": 0,
                "gender": null,
                "student_type": null,
                "identification_number": null,
                "job_title": null,
                "company_id": null,
                "student_group_id": null,
                "last_activity_at": null,
                "teach_via": 1,
                "access_token": null,
                "device_token": null,
                "policy_id": null,
                "state": null,
                "company": null,
                "first_name": "سۆران صاڵح",
                "last_name": "",
                "blocked_by_me": null
            },
            "enrolls": []
        },
        {
            "id": 20,
            "category_id": 2,
            "subcategory_id": 7,
            "quiz_id": null,
            "class_id": null,
            "user_id": 3,
            "lang_id": 3,
            "title": {
                "ar": "فیزیا",
                "en": ""
            },
            "slug": "f-z-1",
            "duration": "530",
            "image": "public/uploads/courses/438f6f340914716874adec52403c0f06.png",
            "thumbnail": "public/uploads/courses/5d4ee59dface11b41687ff000dae4304.png",
            "price": 840000,
            "discount_price": null,
            "publish": 1,
            "status": 1,
            "level": 4,
            "trailer_link": null,
            "host": "",
            "meta_keywords": "",
            "meta_description": "",
            "about": {
                "ar": "<p>وانەی فیزیا پۆلی ١٢ی زانستی لەگەڵ مامۆستای شارەزا و پسپۆڕی فیزیا (م. سامان مجید) کە لە ساڵی خوێندنی ٢٠١٣ - ٢٠١٤ وانەی فیزیا پۆلی ١٢ دەلێتەوە.</p><div><br></div>",
                "en": ""
            },
            "special_commission": null,
            "total_enrolled": 0,
            "reveune": 0,
            "reveiw": 0,
            "type": 1,
            "created_at": "2022-09-19T16:57:53.000000Z",
            "updated_at": "2022-09-19T18:04:30.000000Z",
            "drip": 0,
            "subscription": "0",
            "requirements": {
                "ar": "<p>- فێرخوازی پۆلی ١١ بێت و دەرچوو بێت بۆ پۆلی ١٢<br></p><p>- فێرخوازی پۆلی ١٢ بێت</p><p>- فێرخواز ساڵی دووەمی پۆلی ١٢ بێت</p><p>- فێرخواز دەوری دووەمی پۆلی ١٢ بێت</p>",
                "en": ""
            },
            "outcomes": {
                "ar": "<p>پاش تەواو کردنی ئەم کۆرسە فێرخواز فێر دەبێت:</p><p>- تەواو کردنی مەنهەجی عەرەبی.</p><p>- وەرگرتنی کویزو تاقیکردنەوەی جۆراوجۆر</p><p>- دوبارە کردنەوەی کۆرسەکان و وانەکان زیاد لە جارێک</p><p>- بەردەست بوونی کۆرس بۆ ماوەی ١ ساڵ لە بەرواری کرینیەوە.</p>",
                "en": ""
            },
            "lms_id": 1,
            "subscription_list": null,
            "total_rating": 0,
            "scope": 1,
            "complete_order": 0,
            "certificate_id": null,
            "show_overview_media": 0,
            "show_mode_of_delivery": 1,
            "mode_of_delivery": 1,
            "what_learn1": null,
            "what_learn2": null,
            "view": 0,
            "feature": 0,
            "assistant_instructors": null,
            "required_type": 0,
            "dateFormat": "19th Sep, 2022",
            "publishedDate": "19th Sep, 2022",
            "sumRev": 0,
            "purchasePrice": 0,
            "enrollCount": 0,
            "user": {
                "id": 3,
                "role_id": 2,
                "name": "سامان مەجید",
                "photo": "public/demo/user/admin.jpg",
                "image": "public/uploads/instructors/d1171e38ade4d2c2ea13f2fda29f05ea.jpg",
                "avatar": "public/uploads/instructors/d1171e38ade4d2c2ea13f2fda29f05ea.jpg",
                "mobile_verified_at": null,
                "email_verified_at": "2022-06-23T07:19:00.000000Z",
                "notification_preference": "mail",
                "is_active": 1,
                "username": null,
                "email": "fatih2@gmail.com",
                "email_verify": "1",
                "headline": null,
                "phone": "07701466263",
                "address": null,
                "city": "1374",
                "country": "104",
                "zip": null,
                "dob": "",
                "about": "<p><span style=\"color: rgb(5, 5, 5); font-family: &quot;Segoe UI Historic&quot;, &quot;Segoe UI&quot;, Helvetica, Arial, sans-serif; font-size: 15px; text-align: right;\">یەکێک لە مامۆستا پسپۆرەکانی وانەی فیزیا پۆلی شەشەمی زانستی لەسەر ئاستی سلێمانی و کوردستان</span><br></p>",
                "short_details": null,
                "facebook": "",
                "twitter": "",
                "linkedin": null,
                "instagram": "",
                "youtube": null,
                "subscribe": 0,
                "provider": null,
                "provider_id": null,
                "language_id": "19",
                "language_code": "en",
                "language_name": "English",
                "status": 1,
                "balance": 0,
                "currency_id": 112,
                "special_commission": 0,
                "payout": "PayPal",
                "payout_icon": "public/uploads/payout/pay_1.png",
                "payout_email": "demo@paypal.com",
                "referral": null,
                "added_by": 1,
                "zoom_api_key_of_user": null,
                "zoom_api_serect_of_user": null,
                "created_at": "2022-06-23T07:19:00.000000Z",
                "updated_at": "2022-09-08T01:00:49.000000Z",
                "bank_name": null,
                "branch_name": null,
                "bank_account_number": null,
                "account_holder_name": null,
                "bank_type": null,
                "lms_id": 1,
                "subscription_method": null,
                "subscription_api_key": null,
                "subscription_api_status": 0,
                "total_rating": 0,
                "language_rtl": 0,
                "gender": null,
                "student_type": null,
                "identification_number": null,
                "job_title": null,
                "company_id": null,
                "student_group_id": null,
                "last_activity_at": null,
                "teach_via": 1,
                "access_token": null,
                "device_token": null,
                "policy_id": null,
                "state": null,
                "company": null,
                "first_name": "سامان مەجید",
                "last_name": "",
                "blocked_by_me": null
            },
            "enrolls": []
        },
        {
            "id": 19,
            "category_id": 2,
            "subcategory_id": 9,
            "quiz_id": null,
            "class_id": null,
            "user_id": 11,
            "lang_id": 3,
            "title": {
                "ar": "عەرەبی",
                "en": ""
            },
            "slug": "aa-r-b-2",
            "duration": "730",
            "image": "public/uploads/courses/2ca78872fd61c4f56d2c36d2f06bca0f.png",
            "thumbnail": "public/uploads/courses/5c94e2d3d5afd020bd4b533bba13e1b1.png",
            "price": 960000,
            "discount_price": null,
            "publish": 1,
            "status": 1,
            "level": 4,
            "trailer_link": null,
            "host": "",
            "meta_keywords": "",
            "meta_description": "",
            "about": {
                "en": ""
            },
            "special_commission": null,
            "total_enrolled": 0,
            "reveune": 0,
            "reveiw": 0,
            "type": 1,
            "created_at": "2022-09-19T16:56:33.000000Z",
            "updated_at": "2022-09-20T06:43:09.000000Z",
            "drip": 0,
            "subscription": "0",
            "requirements": {
                "en": ""
            },
            "outcomes": {
                "en": ""
            },
            "lms_id": 1,
            "subscription_list": null,
            "total_rating": 0,
            "scope": 1,
            "complete_order": 0,
            "certificate_id": null,
            "show_overview_media": 0,
            "show_mode_of_delivery": 1,
            "mode_of_delivery": 1,
            "what_learn1": null,
            "what_learn2": null,
            "view": 1,
            "feature": 0,
            "assistant_instructors": null,
            "required_type": 0,
            "dateFormat": "19th Sep, 2022",
            "publishedDate": "19th Sep, 2022",
            "sumRev": 0,
            "purchasePrice": 0,
            "enrollCount": 0,
            "user": {
                "id": 11,
                "role_id": 2,
                "name": "زانا عەباس",
                "photo": "public/demo/user/admin.jpg",
                "image": "public/uploads/instructors/8434e365a892f2b902e94f5a2c24752a.jpg",
                "avatar": "public/uploads/instructors/8434e365a892f2b902e94f5a2c24752a.jpg",
                "mobile_verified_at": null,
                "email_verified_at": "2022-06-23T07:27:18.000000Z",
                "notification_preference": "mail",
                "is_active": 1,
                "username": null,
                "email": "fatih9@gmail.com",
                "email_verify": "1",
                "headline": null,
                "phone": "07701466289",
                "address": null,
                "city": "1374",
                "country": "104",
                "zip": null,
                "dob": "",
                "about": "<p><span style=\"color: rgb(5, 5, 5); font-family: &quot;Segoe UI Historic&quot;, &quot;Segoe UI&quot;, Helvetica, Arial, sans-serif; font-size: 15px; text-align: right;\">یەکێک لە مامۆستا پسپۆرەکانی وانەی عەرەبی پۆلی دوازدە لەسەر ئاستی سلێمانی و کوردستان</span><br></p>",
                "short_details": null,
                "facebook": "",
                "twitter": "",
                "linkedin": null,
                "instagram": "",
                "youtube": null,
                "subscribe": 0,
                "provider": null,
                "provider_id": null,
                "language_id": "19",
                "language_code": "en",
                "language_name": "English",
                "status": 1,
                "balance": 0,
                "currency_id": 112,
                "special_commission": 0,
                "payout": "PayPal",
                "payout_icon": "public/uploads/payout/pay_1.png",
                "payout_email": "demo@paypal.com",
                "referral": null,
                "added_by": 1,
                "zoom_api_key_of_user": null,
                "zoom_api_serect_of_user": null,
                "created_at": "2022-06-23T07:27:18.000000Z",
                "updated_at": "2022-09-08T00:52:53.000000Z",
                "bank_name": null,
                "branch_name": null,
                "bank_account_number": null,
                "account_holder_name": null,
                "bank_type": null,
                "lms_id": 1,
                "subscription_method": null,
                "subscription_api_key": null,
                "subscription_api_status": 0,
                "total_rating": 0,
                "language_rtl": 0,
                "gender": null,
                "student_type": null,
                "identification_number": null,
                "job_title": null,
                "company_id": null,
                "student_group_id": null,
                "last_activity_at": null,
                "teach_via": 1,
                "access_token": null,
                "device_token": null,
                "policy_id": null,
                "state": null,
                "company": null,
                "first_name": "زانا عەباس",
                "last_name": "",
                "blocked_by_me": null
            },
            "enrolls": []
        },
        {
            "id": 18,
            "category_id": 2,
            "subcategory_id": 7,
            "quiz_id": null,
            "class_id": null,
            "user_id": 8,
            "lang_id": 3,
            "title": {
                "ar": "فیزیا",
                "en": ""
            },
            "slug": "f-z",
            "duration": "670",
            "image": "public/uploads/courses/a16e576ae27669baaf32faf56866235f.png",
            "thumbnail": "public/uploads/courses/7c9005155d0002c0b02595afa60027a3.png",
            "price": 550000,
            "discount_price": null,
            "publish": 1,
            "status": 1,
            "level": 4,
            "trailer_link": null,
            "host": "",
            "meta_keywords": "",
            "meta_description": "",
            "about": {
                "ar": "<p>وانەی فیزیا پۆلی ١٢ی زانستی لەگەڵ مامۆستای شارەزا و پسپۆڕی فیزیا&nbsp;&nbsp;(م. وریا عەلی) کە لە ساڵی خوێندنی ٢٠١٣ - ٢٠١٤ وانەی فیزیا&nbsp;&nbsp;پۆلی ١٢ دەلێتەوە.</p><div><br></div>",
                "en": ""
            },
            "special_commission": null,
            "total_enrolled": 0,
            "reveune": 0,
            "reveiw": 0,
            "type": 1,
            "created_at": "2022-09-19T16:55:17.000000Z",
            "updated_at": "2022-09-19T18:05:17.000000Z",
            "drip": 0,
            "subscription": "0",
            "requirements": {
                "ar": "<p>- فێرخوازی پۆلی ١١ بێت و دەرچوو بێت بۆ پۆلی ١٢<br></p><p>- فێرخوازی پۆلی ١٢ بێت</p><p>- فێرخواز ساڵی دووەمی پۆلی ١٢ بێت</p><p>- فێرخواز دەوری دووەمی پۆلی ١٢ بێت</p>",
                "en": ""
            },
            "outcomes": {
                "ar": "<p>پاش تەواو کردنی ئەم کۆرسە فێرخواز فێر دەبێت:<br></p><p>- تەواو کردنی مەنهەجی عەرەبی.</p><p>- وەرگرتنی کویزو تاقیکردنەوەی جۆراوجۆر</p><p>- دوبارە کردنەوەی کۆرسەکان و وانەکان زیاد لە جارێک</p><p>- بەردەست بوونی کۆرس بۆ ماوەی ١ ساڵ لە بەرواری کرینیەوە.</p>",
                "en": ""
            },
            "lms_id": 1,
            "subscription_list": null,
            "total_rating": 0,
            "scope": 1,
            "complete_order": 0,
            "certificate_id": null,
            "show_overview_media": 0,
            "show_mode_of_delivery": 1,
            "mode_of_delivery": 1,
            "what_learn1": null,
            "what_learn2": null,
            "view": 0,
            "feature": 0,
            "assistant_instructors": null,
            "required_type": 0,
            "dateFormat": "19th Sep, 2022",
            "publishedDate": "19th Sep, 2022",
            "sumRev": 0,
            "purchasePrice": 0,
            "enrollCount": 0,
            "user": {
                "id": 8,
                "role_id": 2,
                "name": "وریا عەلی",
                "photo": "public/demo/user/admin.jpg",
                "image": "public/uploads/instructors/887b6f9c9d89593afbda0eccd40aaca5.jpg",
                "avatar": "public/uploads/instructors/887b6f9c9d89593afbda0eccd40aaca5.jpg",
                "mobile_verified_at": null,
                "email_verified_at": "2022-06-23T07:24:45.000000Z",
                "notification_preference": "mail",
                "is_active": 1,
                "username": null,
                "email": "fatih6@gmail.com",
                "email_verify": "1",
                "headline": null,
                "phone": "07701466255",
                "address": null,
                "city": "1374",
                "country": "104",
                "zip": null,
                "dob": "",
                "about": "<p><br style=\"color: rgb(5, 5, 5); font-family: &quot;Segoe UI Historic&quot;, &quot;Segoe UI&quot;, Helvetica, Arial, sans-serif; font-size: 15px;\"><span style=\"color: rgb(5, 5, 5); font-family: &quot;Segoe UI Historic&quot;, &quot;Segoe UI&quot;, Helvetica, Arial, sans-serif; font-size: 15px; text-align: right;\">یەکێک لە مامۆستا پسپۆرەکانی وانەی فیزیا پۆلی&nbsp;</span><span style=\"color: rgb(5, 5, 5); font-family: &quot;Segoe UI Historic&quot;, &quot;Segoe UI&quot;, Helvetica, Arial, sans-serif; font-size: 15px; text-align: right;\">دوازدەی</span><span style=\"color: rgb(5, 5, 5); font-family: &quot;Segoe UI Historic&quot;, &quot;Segoe UI&quot;, Helvetica, Arial, sans-serif; font-size: 15px; text-align: right;\">&nbsp;زانستی لەسەر ئاستی سلێمانی و کوردستان</span><br></p>",
                "short_details": null,
                "facebook": "",
                "twitter": "",
                "linkedin": null,
                "instagram": "",
                "youtube": null,
                "subscribe": 0,
                "provider": null,
                "provider_id": null,
                "language_id": "19",
                "language_code": "en",
                "language_name": "English",
                "status": 1,
                "balance": 0,
                "currency_id": 112,
                "special_commission": 0,
                "payout": "PayPal",
                "payout_icon": "public/uploads/payout/pay_1.png",
                "payout_email": "demo@paypal.com",
                "referral": null,
                "added_by": 1,
                "zoom_api_key_of_user": null,
                "zoom_api_serect_of_user": null,
                "created_at": "2022-06-23T07:24:45.000000Z",
                "updated_at": "2022-09-08T00:59:28.000000Z",
                "bank_name": null,
                "branch_name": null,
                "bank_account_number": null,
                "account_holder_name": null,
                "bank_type": null,
                "lms_id": 1,
                "subscription_method": null,
                "subscription_api_key": null,
                "subscription_api_status": 0,
                "total_rating": 0,
                "language_rtl": 0,
                "gender": null,
                "student_type": null,
                "identification_number": null,
                "job_title": null,
                "company_id": null,
                "student_group_id": null,
                "last_activity_at": null,
                "teach_via": 1,
                "access_token": null,
                "device_token": null,
                "policy_id": null,
                "state": null,
                "company": null,
                "first_name": "وریا عەلی",
                "last_name": "",
                "blocked_by_me": null
            },
            "enrolls": []
        },
        {
            "id": 17,
            "category_id": 2,
            "subcategory_id": 11,
            "quiz_id": null,
            "class_id": null,
            "user_id": 2,
            "lang_id": 3,
            "title": {
                "ar": "ئنگلیزی",
                "en": ""
            },
            "slug": "n-l-z-1",
            "duration": "640",
            "image": "public/uploads/courses/0d3355448a3ba63ece61bbea8263a7c6.png",
            "thumbnail": "public/uploads/courses/98f60198e36002842f8fdec8739f5b55.png",
            "price": 640000,
            "discount_price": null,
            "publish": 1,
            "status": 1,
            "level": 4,
            "trailer_link": null,
            "host": "",
            "meta_keywords": "",
            "meta_description": "",
            "about": {
                "en": ""
            },
            "special_commission": null,
            "total_enrolled": 0,
            "reveune": 0,
            "reveiw": 0,
            "type": 1,
            "created_at": "2022-09-19T16:48:41.000000Z",
            "updated_at": "2022-09-19T16:48:47.000000Z",
            "drip": 0,
            "subscription": "0",
            "requirements": {
                "en": ""
            },
            "outcomes": {
                "en": ""
            },
            "lms_id": 1,
            "subscription_list": null,
            "total_rating": 0,
            "scope": 1,
            "complete_order": 0,
            "certificate_id": null,
            "show_overview_media": 0,
            "show_mode_of_delivery": 1,
            "mode_of_delivery": 1,
            "what_learn1": null,
            "what_learn2": null,
            "view": 0,
            "feature": 0,
            "assistant_instructors": null,
            "required_type": 0,
            "dateFormat": "19th Sep, 2022",
            "publishedDate": "19th Sep, 2022",
            "sumRev": 0,
            "purchasePrice": 0,
            "enrollCount": 0,
            "user": {
                "id": 2,
                "role_id": 2,
                "name": "رەوا مەحمود",
                "photo": "public/demo/user/admin.jpg",
                "image": "public/uploads/instructors/5e4a95a4e77fd6ef8adcc06f96b16814.jpg",
                "avatar": "public/uploads/instructors/5e4a95a4e77fd6ef8adcc06f96b16814.jpg",
                "mobile_verified_at": null,
                "email_verified_at": "2022-06-22T20:04:45.000000Z",
                "notification_preference": "mail",
                "is_active": 1,
                "username": null,
                "email": "fatih1@gmail.com",
                "email_verify": "1",
                "headline": null,
                "phone": "07701466261",
                "address": null,
                "city": "1374",
                "country": "104",
                "zip": null,
                "dob": "",
                "about": "<div dir=\"auto\" style=\"text-align: start;\"><span style=\"color: rgb(5, 5, 5); font-family: &quot;Segoe UI Historic&quot;, &quot;Segoe UI&quot;, Helvetica, Arial, sans-serif; font-size: 15px;\">یەکێک لە مامۆستا پسپۆرەکانی وانەی ئنگلیزی پۆلی&nbsp;</span><span style=\"color: rgb(5, 5, 5); font-family: &quot;Segoe UI Historic&quot;, &quot;Segoe UI&quot;, Helvetica, Arial, sans-serif; font-size: 15px;\">دوازدە&nbsp;</span><span style=\"color: rgb(5, 5, 5); font-family: &quot;Segoe UI Historic&quot;, &quot;Segoe UI&quot;, Helvetica, Arial, sans-serif; font-size: 15px;\">لەسەر ئاستی سلێمانی و کوردستان</span><br></div>",
                "short_details": null,
                "facebook": "",
                "twitter": "",
                "linkedin": null,
                "instagram": "",
                "youtube": null,
                "subscribe": 0,
                "provider": null,
                "provider_id": null,
                "language_id": "19",
                "language_code": "en",
                "language_name": "English",
                "status": 1,
                "balance": 0,
                "currency_id": 112,
                "special_commission": 0,
                "payout": "PayPal",
                "payout_icon": "public/uploads/payout/pay_1.png",
                "payout_email": "demo@paypal.com",
                "referral": null,
                "added_by": 1,
                "zoom_api_key_of_user": null,
                "zoom_api_serect_of_user": null,
                "created_at": "2022-06-22T20:04:45.000000Z",
                "updated_at": "2022-09-08T01:01:07.000000Z",
                "bank_name": null,
                "branch_name": null,
                "bank_account_number": null,
                "account_holder_name": null,
                "bank_type": null,
                "lms_id": 1,
                "subscription_method": null,
                "subscription_api_key": null,
                "subscription_api_status": 0,
                "total_rating": 0,
                "language_rtl": 0,
                "gender": null,
                "student_type": null,
                "identification_number": null,
                "job_title": null,
                "company_id": null,
                "student_group_id": null,
                "last_activity_at": "2022-06-23 10:17:17",
                "teach_via": 1,
                "access_token": null,
                "device_token": null,
                "policy_id": null,
                "state": null,
                "company": null,
                "first_name": "رەوا مەحمود",
                "last_name": "",
                "blocked_by_me": null
            },
            "enrolls": []
        },
        {
            "id": 16,
            "category_id": 2,
            "subcategory_id": 11,
            "quiz_id": null,
            "class_id": null,
            "user_id": 52,
            "lang_id": 3,
            "title": {
                "ar": "ئنگلیزی",
                "en": ""
            },
            "slug": "n-l-z",
            "duration": "960",
            "image": "public/uploads/courses/5dd36e7de5907462b42bb0cc8ce7caf4.png",
            "thumbnail": "public/uploads/courses/797c0ae13d2b8843e3bd1396482c2f9b.png",
            "price": 980000,
            "discount_price": null,
            "publish": 1,
            "status": 1,
            "level": 4,
            "trailer_link": null,
            "host": "",
            "meta_keywords": "",
            "meta_description": "",
            "about": {
                "en": ""
            },
            "special_commission": null,
            "total_enrolled": 0,
            "reveune": 0,
            "reveiw": 0,
            "type": 1,
            "created_at": "2022-09-19T16:47:12.000000Z",
            "updated_at": "2022-09-19T16:47:21.000000Z",
            "drip": 0,
            "subscription": "0",
            "requirements": {
                "en": ""
            },
            "outcomes": {
                "en": ""
            },
            "lms_id": 1,
            "subscription_list": null,
            "total_rating": 0,
            "scope": 1,
            "complete_order": 0,
            "certificate_id": null,
            "show_overview_media": 0,
            "show_mode_of_delivery": 1,
            "mode_of_delivery": 1,
            "what_learn1": null,
            "what_learn2": null,
            "view": 0,
            "feature": 0,
            "assistant_instructors": null,
            "required_type": 0,
            "dateFormat": "19th Sep, 2022",
            "publishedDate": "19th Sep, 2022",
            "sumRev": 0,
            "purchasePrice": 0,
            "enrollCount": 0,
            "user": {
                "id": 52,
                "role_id": 2,
                "name": "پێشرەو عەبدولقادر",
                "photo": "public/demo/user/admin.jpg",
                "image": "public/uploads/instructors/a2d6a9aee4046a47e2408f96efcd563b.jpg",
                "avatar": "public/uploads/instructors/a2d6a9aee4046a47e2408f96efcd563b.jpg",
                "mobile_verified_at": null,
                "email_verified_at": "2022-09-08T01:19:43.000000Z",
                "notification_preference": "mail",
                "is_active": 1,
                "username": null,
                "email": "peshraw@teratarget.com",
                "email_verify": "1",
                "headline": null,
                "phone": "07701467765",
                "address": null,
                "city": "1374",
                "country": "19",
                "zip": null,
                "dob": "",
                "about": "<p><span style=\"color: rgb(5, 5, 5); font-family: &quot;Segoe UI Historic&quot;, &quot;Segoe UI&quot;, Helvetica, Arial, sans-serif; font-size: 15px; text-align: right;\">یەکێک لە مامۆستا پسپۆرەکانی وانەی ئنگلیزی پۆلی دوازدە لەسەر ئاستی سلێمانی و کوردستان</span><br></p>",
                "short_details": null,
                "facebook": "",
                "twitter": "",
                "linkedin": "",
                "instagram": "",
                "youtube": null,
                "subscribe": 0,
                "provider": null,
                "provider_id": null,
                "language_id": "19",
                "language_code": "en",
                "language_name": "English",
                "status": 1,
                "balance": 0,
                "currency_id": 112,
                "special_commission": 0,
                "payout": "PayPal",
                "payout_icon": "public/uploads/payout/pay_1.png",
                "payout_email": "demo@paypal.com",
                "referral": null,
                "added_by": 1,
                "zoom_api_key_of_user": null,
                "zoom_api_serect_of_user": null,
                "created_at": "2022-09-08T01:19:43.000000Z",
                "updated_at": "2022-09-08T01:19:43.000000Z",
                "bank_name": null,
                "branch_name": null,
                "bank_account_number": null,
                "account_holder_name": null,
                "bank_type": null,
                "lms_id": 1,
                "subscription_method": null,
                "subscription_api_key": null,
                "subscription_api_status": 0,
                "total_rating": 0,
                "language_rtl": 0,
                "gender": null,
                "student_type": null,
                "identification_number": null,
                "job_title": null,
                "company_id": null,
                "student_group_id": null,
                "last_activity_at": null,
                "teach_via": 1,
                "access_token": null,
                "device_token": null,
                "policy_id": null,
                "state": null,
                "company": null,
                "first_name": "پێشرەو عەبدولقادر",
                "last_name": "",
                "blocked_by_me": null
            },
            "enrolls": []
        },
        {
            "id": 15,
            "category_id": 2,
            "subcategory_id": 6,
            "quiz_id": null,
            "class_id": null,
            "user_id": 51,
            "lang_id": 3,
            "title": {
                "ar": "بیرکاری",
                "en": ""
            },
            "slug": "b-r-r-1",
            "duration": "820",
            "image": "public/uploads/courses/0383904e6f120228793ef0934cdb791b.png",
            "thumbnail": "public/uploads/courses/b983af17e1a3c23ff1ba444a06f49160.png",
            "price": 420000,
            "discount_price": null,
            "publish": 1,
            "status": 1,
            "level": 4,
            "trailer_link": null,
            "host": "",
            "meta_keywords": "",
            "meta_description": "",
            "about": {
                "en": ""
            },
            "special_commission": null,
            "total_enrolled": 0,
            "reveune": 0,
            "reveiw": 0,
            "type": 1,
            "created_at": "2022-09-19T16:42:27.000000Z",
            "updated_at": "2022-09-19T16:42:32.000000Z",
            "drip": 0,
            "subscription": "0",
            "requirements": {
                "en": ""
            },
            "outcomes": {
                "en": ""
            },
            "lms_id": 1,
            "subscription_list": null,
            "total_rating": 0,
            "scope": 1,
            "complete_order": 0,
            "certificate_id": null,
            "show_overview_media": 0,
            "show_mode_of_delivery": 1,
            "mode_of_delivery": 1,
            "what_learn1": null,
            "what_learn2": null,
            "view": 0,
            "feature": 0,
            "assistant_instructors": null,
            "required_type": 0,
            "dateFormat": "19th Sep, 2022",
            "publishedDate": "19th Sep, 2022",
            "sumRev": 0,
            "purchasePrice": 0,
            "enrollCount": 0,
            "user": {
                "id": 51,
                "role_id": 2,
                "name": "محمد احمد",
                "photo": "public/demo/user/admin.jpg",
                "image": "public/uploads/instructors/58a33fc4b2fde39d0a6720d25b82c15b.jpg",
                "avatar": "public/uploads/instructors/58a33fc4b2fde39d0a6720d25b82c15b.jpg",
                "mobile_verified_at": null,
                "email_verified_at": "2022-09-08T01:06:36.000000Z",
                "notification_preference": "mail",
                "is_active": 1,
                "username": null,
                "email": "mhamad@teratarget.com",
                "email_verify": "1",
                "headline": null,
                "phone": "07701464451",
                "address": null,
                "city": "1374",
                "country": "19",
                "zip": null,
                "dob": "",
                "about": "<p><span style=\"color: rgb(5, 5, 5); font-family: &quot;Segoe UI Historic&quot;, &quot;Segoe UI&quot;, Helvetica, Arial, sans-serif; font-size: 15px; text-align: right;\">یەکێک لە مامۆستا پسپۆرەکانی وانەی بیرکاری پۆلی دوازدەی زانستی لەسەر ئاستی سلێمانی و کوردستان</span><br></p>",
                "short_details": null,
                "facebook": "",
                "twitter": "",
                "linkedin": null,
                "instagram": "",
                "youtube": null,
                "subscribe": 0,
                "provider": null,
                "provider_id": null,
                "language_id": "19",
                "language_code": "en",
                "language_name": "English",
                "status": 1,
                "balance": 0,
                "currency_id": 112,
                "special_commission": 0,
                "payout": "PayPal",
                "payout_icon": "public/uploads/payout/pay_1.png",
                "payout_email": "demo@paypal.com",
                "referral": null,
                "added_by": 1,
                "zoom_api_key_of_user": null,
                "zoom_api_serect_of_user": null,
                "created_at": "2022-09-08T01:06:36.000000Z",
                "updated_at": "2022-09-08T01:06:54.000000Z",
                "bank_name": null,
                "branch_name": null,
                "bank_account_number": null,
                "account_holder_name": null,
                "bank_type": null,
                "lms_id": 1,
                "subscription_method": null,
                "subscription_api_key": null,
                "subscription_api_status": 0,
                "total_rating": 0,
                "language_rtl": 0,
                "gender": null,
                "student_type": null,
                "identification_number": null,
                "job_title": null,
                "company_id": null,
                "student_group_id": null,
                "last_activity_at": null,
                "teach_via": 1,
                "access_token": null,
                "device_token": null,
                "policy_id": null,
                "state": null,
                "company": null,
                "first_name": "محمد احمد",
                "last_name": "",
                "blocked_by_me": null
            },
            "enrolls": []
        },
        {
            "id": 14,
            "category_id": 2,
            "subcategory_id": 6,
            "quiz_id": null,
            "class_id": null,
            "user_id": 12,
            "lang_id": 3,
            "title": {
                "ar": "بیرکاری",
                "en": ""
            },
            "slug": "b-r-r",
            "duration": "240",
            "image": "public/uploads/courses/4e78009a12acb46068156e08a2944d77.png",
            "thumbnail": "public/uploads/courses/76a77cc93e1622f075354295e129ce78.png",
            "price": 340000,
            "discount_price": null,
            "publish": 1,
            "status": 1,
            "level": 4,
            "trailer_link": null,
            "host": "",
            "meta_keywords": "",
            "meta_description": "",
            "about": {
                "ar": "<p>وانەی بیرکاری پۆلی ١٢ی زانستی لەگەڵ مامۆستای شارەزا و پسپۆڕی بیرکاری (م. هێمن علی) کە لە ساڵی خوێندنی ٢٠١٣ - ٢٠١٤ وانەی بیرکاری پۆلی ١٢ دەلێتەوە.</p><div><br></div>",
                "en": ""
            },
            "special_commission": null,
            "total_enrolled": 0,
            "reveune": 0,
            "reveiw": 0,
            "type": 1,
            "created_at": "2022-09-19T16:34:58.000000Z",
            "updated_at": "2022-09-19T17:06:16.000000Z",
            "drip": 0,
            "subscription": "0",
            "requirements": {
                "ar": "<p>- فێرخوازی پۆلی ١١ بێت و دەرچوو بێت بۆ پۆلی ١٢</p><p>- فێرخوازی پۆلی ١٢ بێت</p><p>- فێرخواز ساڵی دووەمی پۆلی ١٢ بێت</p><p>- فێرخواز دەوری دووەمی پۆلی ١٢ بێت</p>",
                "en": ""
            },
            "outcomes": {
                "ar": "<p>پاش تەواو کردنی ئەم کۆرسە فێرخواز فێر دەبێت:</p><p>- تەواو کردنی مەنهەجی عەرەبی.</p><p>- وەرگرتنی کویزو تاقیکردنەوەی جۆراوجۆر</p><p>- دوبارە کردنەوەی کۆرسەکان و وانەکان زیاد لە جارێک</p><p>- بەردەست بوونی کۆرس بۆ ماوەی ١ ساڵ لە بەرواری کرینیەوە.</p>",
                "en": ""
            },
            "lms_id": 1,
            "subscription_list": null,
            "total_rating": 0,
            "scope": 1,
            "complete_order": 0,
            "certificate_id": null,
            "show_overview_media": 0,
            "show_mode_of_delivery": 1,
            "mode_of_delivery": 1,
            "what_learn1": null,
            "what_learn2": null,
            "view": 0,
            "feature": 0,
            "assistant_instructors": null,
            "required_type": 0,
            "dateFormat": "19th Sep, 2022",
            "publishedDate": "19th Sep, 2022",
            "sumRev": 0,
            "purchasePrice": 0,
            "enrollCount": 0,
            "user": {
                "id": 12,
                "role_id": 2,
                "name": "هێمن علی محمد",
                "photo": "public/demo/user/admin.jpg",
                "image": "public/uploads/instructors/15c37abbbae455a78be4bb549865258f.jpg",
                "avatar": "public/uploads/instructors/15c37abbbae455a78be4bb549865258f.jpg",
                "mobile_verified_at": null,
                "email_verified_at": "2022-06-23T07:28:04.000000Z",
                "notification_preference": "mail",
                "is_active": 1,
                "username": null,
                "email": "fatih10@gmail.com",
                "email_verify": "1",
                "headline": null,
                "phone": "07701466209",
                "address": null,
                "city": "1374",
                "country": "104",
                "zip": null,
                "dob": "",
                "about": "<span style=\"color: rgb(5, 5, 5); font-family: &quot;Segoe UI Historic&quot;, &quot;Segoe UI&quot;, Helvetica, Arial, sans-serif; font-size: 15px; text-align: right;\">یەکێک لە مامۆستا پسپۆرەکانی وانەی بیرکاری پۆلی&nbsp;</span><span style=\"color: rgb(5, 5, 5); font-family: &quot;Segoe UI Historic&quot;, &quot;Segoe UI&quot;, Helvetica, Arial, sans-serif; font-size: 15px; text-align: right;\">دوازدەی&nbsp;</span><span style=\"color: rgb(5, 5, 5); font-family: &quot;Segoe UI Historic&quot;, &quot;Segoe UI&quot;, Helvetica, Arial, sans-serif; font-size: 15px; text-align: right;\">زانستی لەسەر ئاستی سلێمانی و کوردستان</span><br>",
                "short_details": null,
                "facebook": "",
                "twitter": "",
                "linkedin": null,
                "instagram": "",
                "youtube": null,
                "subscribe": 0,
                "provider": null,
                "provider_id": null,
                "language_id": "19",
                "language_code": "en",
                "language_name": "English",
                "status": 1,
                "balance": 0,
                "currency_id": 112,
                "special_commission": 0,
                "payout": "PayPal",
                "payout_icon": "public/uploads/payout/pay_1.png",
                "payout_email": "demo@paypal.com",
                "referral": null,
                "added_by": 1,
                "zoom_api_key_of_user": null,
                "zoom_api_serect_of_user": null,
                "created_at": "2022-06-23T07:28:04.000000Z",
                "updated_at": "2022-09-08T00:58:59.000000Z",
                "bank_name": null,
                "branch_name": null,
                "bank_account_number": null,
                "account_holder_name": null,
                "bank_type": null,
                "lms_id": 1,
                "subscription_method": null,
                "subscription_api_key": null,
                "subscription_api_status": 0,
                "total_rating": 0,
                "language_rtl": 0,
                "gender": null,
                "student_type": null,
                "identification_number": null,
                "job_title": null,
                "company_id": null,
                "student_group_id": null,
                "last_activity_at": null,
                "teach_via": 1,
                "access_token": null,
                "device_token": null,
                "policy_id": null,
                "state": null,
                "company": null,
                "first_name": "هێمن علی محمد",
                "last_name": "",
                "blocked_by_me": null
            },
            "enrolls": []
        },
        {
            "id": 13,
            "category_id": 2,
            "subcategory_id": 9,
            "quiz_id": null,
            "class_id": null,
            "user_id": 50,
            "lang_id": 3,
            "title": {
                "ar": "عەرەبی",
                "en": ""
            },
            "slug": "aa-r-b-1",
            "duration": "400",
            "image": "public/uploads/courses/172467da9f25f5d9989ff2fddce37cd3.png",
            "thumbnail": "public/uploads/courses/6d8c049194b4a119351e53bf048b85e2.png",
            "price": 230000,
            "discount_price": null,
            "publish": 1,
            "status": 1,
            "level": 4,
            "trailer_link": null,
            "host": "",
            "meta_keywords": "",
            "meta_description": "",
            "about": {
                "ar": "<p>وانەی عەرەبی پۆلی ١٢ی زانستی لەگەڵ مامۆستای شارەزا و پسپۆڕی زمانی عەرەبی (م. جەبار کریم) کە لە ساڵی خوێندنی ٢٠١٣ - ٢٠١٤ وانەی عەرەبی پۆلی ١٢ دەلێتەوە.</p>",
                "en": ""
            },
            "special_commission": null,
            "total_enrolled": 0,
            "reveune": 0,
            "reveiw": 0,
            "type": 1,
            "created_at": "2022-09-19T16:28:16.000000Z",
            "updated_at": "2022-09-20T06:46:09.000000Z",
            "drip": 0,
            "subscription": "0",
            "requirements": {
                "ar": "<p>- فێرخوازی پۆلی ١١ بێت و دەرچوو بێت بۆ پۆلی ١٢<br></p><p>- فێرخوازی پۆلی ١٢ بێت<br></p><p>- فێرخواز ساڵی دووەمی پۆلی ١٢ بێت<br></p><p>- فێرخواز دەوری دووەمی پۆلی ١٢ بێت<br></p><div><br></div>",
                "en": ""
            },
            "outcomes": {
                "ar": "<p>پاش تەواو کردنی ئەم کۆرسە فێرخواز فێر دەبێت:</p><p>- تەواو کردنی مەنهەجی عەرەبی.</p><p>- وەرگرتنی کویزو تاقیکردنەوەی جۆراوجۆر</p><p>- دوبارە کردنەوەی کۆرسەکان و وانەکان زیاد لە جارێک</p><p>- بەردەست بوونی کۆرس بۆ ماوەی ١ ساڵ لە بەرواری کرینیەوە.</p>",
                "en": ""
            },
            "lms_id": 1,
            "subscription_list": null,
            "total_rating": 0,
            "scope": 1,
            "complete_order": 0,
            "certificate_id": null,
            "show_overview_media": 0,
            "show_mode_of_delivery": 1,
            "mode_of_delivery": 1,
            "what_learn1": null,
            "what_learn2": null,
            "view": 1,
            "feature": 0,
            "assistant_instructors": null,
            "required_type": 0,
            "dateFormat": "19th Sep, 2022",
            "publishedDate": "19th Sep, 2022",
            "sumRev": 0,
            "purchasePrice": 0,
            "enrollCount": 0,
            "user": {
                "id": 50,
                "role_id": 2,
                "name": "جەبار کریم",
                "photo": "public/demo/user/admin.jpg",
                "image": "public/uploads/instructors/860e4197e51c60cd71918026ce8b90ee.jpg",
                "avatar": "public/uploads/instructors/860e4197e51c60cd71918026ce8b90ee.jpg",
                "mobile_verified_at": null,
                "email_verified_at": "2022-09-08T01:04:38.000000Z",
                "notification_preference": "mail",
                "is_active": 1,
                "username": null,
                "email": "jabar@teratarget.com",
                "email_verify": "1",
                "headline": null,
                "phone": "07701464435",
                "address": null,
                "city": "1374",
                "country": "19",
                "zip": null,
                "dob": "",
                "about": "<p><span style=\"color: rgb(5, 5, 5); font-family: &quot;Segoe UI Historic&quot;, &quot;Segoe UI&quot;, Helvetica, Arial, sans-serif; font-size: 15px; text-align: right;\">یەکێک لە مامۆستا پسپۆرەکانی وانەی عەرەبی پۆلی دوازدە لەسەر ئاستی سلێمانی و کوردستان</span><br></p>",
                "short_details": null,
                "facebook": "",
                "twitter": "",
                "linkedin": "",
                "instagram": "",
                "youtube": null,
                "subscribe": 0,
                "provider": null,
                "provider_id": null,
                "language_id": "19",
                "language_code": "en",
                "language_name": "English",
                "status": 1,
                "balance": 0,
                "currency_id": 112,
                "special_commission": 0,
                "payout": "PayPal",
                "payout_icon": "public/uploads/payout/pay_1.png",
                "payout_email": "demo@paypal.com",
                "referral": null,
                "added_by": 1,
                "zoom_api_key_of_user": null,
                "zoom_api_serect_of_user": null,
                "created_at": "2022-09-08T01:04:38.000000Z",
                "updated_at": "2022-09-08T01:04:38.000000Z",
                "bank_name": null,
                "branch_name": null,
                "bank_account_number": null,
                "account_holder_name": null,
                "bank_type": null,
                "lms_id": 1,
                "subscription_method": null,
                "subscription_api_key": null,
                "subscription_api_status": 0,
                "total_rating": 0,
                "language_rtl": 0,
                "gender": null,
                "student_type": null,
                "identification_number": null,
                "job_title": null,
                "company_id": null,
                "student_group_id": null,
                "last_activity_at": null,
                "teach_via": 1,
                "access_token": null,
                "device_token": null,
                "policy_id": null,
                "state": null,
                "company": null,
                "first_name": "جەبار کریم",
                "last_name": "",
                "blocked_by_me": null
            },
            "enrolls": []
        },
        {
            "id": 12,
            "category_id": 2,
            "subcategory_id": 0,
            "quiz_id": null,
            "class_id": null,
            "user_id": 6,
            "lang_id": 3,
            "title": {
                "ar": "عەرەبی",
                "en": ""
            },
            "slug": "aa-r-b",
            "duration": "280",
            "image": "public/uploads/courses/626c12cc59c7eeab183c2e3ec64e14e3.png",
            "thumbnail": "public/uploads/courses/e1364b067336ed1526dadb9adb784759.png",
            "price": 230000,
            "discount_price": null,
            "publish": 1,
            "status": 1,
            "level": 4,
            "trailer_link": null,
            "host": "",
            "meta_keywords": "",
            "meta_description": "",
            "about": {
                "ar": "<p style=\"margin-bottom: 13px; line-height: 1.75; font-size: 16px; color: rgb(80, 80, 80); font-family: \" nunito=\"\" sans\",=\"\" sans-serif;\"=\"\">وانەی عەرەبی پۆلی ١٢ی زانستی لەگەڵ مامۆستای شارەزا و پسپۆڕی عەرەبی (م. عادل حسێن) کە لە ساڵی خوێندنی ٢٠١٣ - ٢٠١٤ وانەی عەرەبی پۆلی ١٢ دەلێتەوە.</p><div><br></div>",
                "en": ""
            },
            "special_commission": null,
            "total_enrolled": 0,
            "reveune": 0,
            "reveiw": 0,
            "type": 1,
            "created_at": "2022-09-19T09:11:57.000000Z",
            "updated_at": "2022-09-20T06:39:00.000000Z",
            "drip": 0,
            "subscription": "0",
            "requirements": {
                "ar": "<p style=\"margin-bottom: 13px; line-height: 1.75; font-size: 16px; color: rgb(80, 80, 80); font-family: \"Nunito Sans\", sans-serif;\">- فێرخوازی پۆلی ١١ بێت و دەرچوو بێت بۆ پۆلی ١٢</p><p style=\"margin-bottom: 13px; line-height: 1.75; font-size: 16px; color: rgb(80, 80, 80); font-family: \"Nunito Sans\", sans-serif;\">- فێرخوازی پۆلی ١٢ بێت</p><p style=\"margin-bottom: 13px; line-height: 1.75; font-size: 16px; color: rgb(80, 80, 80); font-family: \"Nunito Sans\", sans-serif;\">- فێرخواز ساڵی دووەمی پۆلی ١٢ بێت</p><p style=\"margin-bottom: 13px; line-height: 1.75; font-size: 16px; color: rgb(80, 80, 80); font-family: \"Nunito Sans\", sans-serif;\">- فێرخواز دەوری دووەمی پۆلی ١٢ بێت</p><p style=\"margin-bottom: 13px; line-height: 1.75; font-size: 16px; color: rgb(80, 80, 80); font-family: \"Nunito Sans\", sans-serif;\"><br></p>",
                "en": ""
            },
            "outcomes": {
                "ar": "<p style=\"margin-bottom: 13px; line-height: 1.75; font-size: 16px; color: rgb(80, 80, 80); font-family: \"Nunito Sans\", sans-serif;\">پاش تەواو کردنی ئەم کۆرسە فێرخواز فێر دەبێت:</p><p style=\"margin-bottom: 13px; line-height: 1.75; font-size: 16px; color: rgb(80, 80, 80); font-family: \"Nunito Sans\", sans-serif;\">- تەواو کردنی مەنهەجی عەرەبی.</p><p style=\"margin-bottom: 13px; line-height: 1.75; font-size: 16px; color: rgb(80, 80, 80); font-family: \"Nunito Sans\", sans-serif;\">- وەرگرتنی کویزو تاقیکردنەوەی جۆراوجۆر</p><p style=\"margin-bottom: 13px; line-height: 1.75; font-size: 16px; color: rgb(80, 80, 80); font-family: \"Nunito Sans\", sans-serif;\">- دوبارە کردنەوەی کۆرسەکان و وانەکان زیاد لە جارێک</p><p style=\"margin-bottom: 13px; line-height: 1.75; font-size: 16px; color: rgb(80, 80, 80); font-family: \"Nunito Sans\", sans-serif;\">- بەردەست بوونی کۆرس بۆ ماوەی ١ ساڵ لە بەرواری کرینیەوە.</p>",
                "en": ""
            },
            "lms_id": 1,
            "subscription_list": null,
            "total_rating": 0,
            "scope": 1,
            "complete_order": 0,
            "certificate_id": null,
            "show_overview_media": 0,
            "show_mode_of_delivery": 1,
            "mode_of_delivery": 1,
            "what_learn1": null,
            "what_learn2": null,
            "view": 1,
            "feature": 0,
            "assistant_instructors": null,
            "required_type": 0,
            "dateFormat": "19th Sep, 2022",
            "publishedDate": "19th Sep, 2022",
            "sumRev": 0,
            "purchasePrice": 0,
            "enrollCount": 0,
            "user": {
                "id": 6,
                "role_id": 2,
                "name": "عادل حسێن",
                "photo": "public/demo/user/admin.jpg",
                "image": "public/uploads/instructors/24a897f9212920df713b8547be54d9c7.jpg",
                "avatar": "public/uploads/instructors/24a897f9212920df713b8547be54d9c7.jpg",
                "mobile_verified_at": null,
                "email_verified_at": "2022-06-23T07:22:38.000000Z",
                "notification_preference": "mail",
                "is_active": 1,
                "username": null,
                "email": "fatih4@gmail.com",
                "email_verify": "1",
                "headline": null,
                "phone": "07701466245",
                "address": null,
                "city": "1374",
                "country": "104",
                "zip": null,
                "dob": "",
                "about": "<p><span style=\"color: rgb(5, 5, 5); font-family: &quot;Segoe UI Historic&quot;, &quot;Segoe UI&quot;, Helvetica, Arial, sans-serif; font-size: 15px; text-align: right;\">یەکێک لە مامۆستا پسپۆرەکانی وانەی عەرەبی پۆلی&nbsp;</span><span style=\"color: rgb(5, 5, 5); font-family: &quot;Segoe UI Historic&quot;, &quot;Segoe UI&quot;, Helvetica, Arial, sans-serif; font-size: 15px; text-align: right;\">دوازدە</span><span style=\"color: rgb(5, 5, 5); font-family: &quot;Segoe UI Historic&quot;, &quot;Segoe UI&quot;, Helvetica, Arial, sans-serif; font-size: 15px; text-align: right;\">&nbsp;لەسەر ئاستی سلێمانی و کوردستان</span><br></p>",
                "short_details": null,
                "facebook": "",
                "twitter": "",
                "linkedin": null,
                "instagram": "",
                "youtube": null,
                "subscribe": 0,
                "provider": null,
                "provider_id": null,
                "language_id": "19",
                "language_code": "en",
                "language_name": "English",
                "status": 1,
                "balance": 0,
                "currency_id": 112,
                "special_commission": 0,
                "payout": "PayPal",
                "payout_icon": "public/uploads/payout/pay_1.png",
                "payout_email": "demo@paypal.com",
                "referral": null,
                "added_by": 1,
                "zoom_api_key_of_user": null,
                "zoom_api_serect_of_user": null,
                "created_at": "2022-06-23T07:22:38.000000Z",
                "updated_at": "2022-09-08T01:00:03.000000Z",
                "bank_name": null,
                "branch_name": null,
                "bank_account_number": null,
                "account_holder_name": null,
                "bank_type": null,
                "lms_id": 1,
                "subscription_method": null,
                "subscription_api_key": null,
                "subscription_api_status": 0,
                "total_rating": 0,
                "language_rtl": 0,
                "gender": null,
                "student_type": null,
                "identification_number": null,
                "job_title": null,
                "company_id": null,
                "student_group_id": null,
                "last_activity_at": null,
                "teach_via": 1,
                "access_token": null,
                "device_token": null,
                "policy_id": null,
                "state": null,
                "company": null,
                "first_name": "عادل حسێن",
                "last_name": "",
                "blocked_by_me": null
            },
            "enrolls": []
        },
        {
            "id": 11,
            "category_id": 2,
            "subcategory_id": 12,
            "quiz_id": null,
            "class_id": null,
            "user_id": 4,
            "lang_id": 3,
            "title": {
                "ar": "زیندەزانی",
                "en": "زیندەزانی"
            },
            "slug": "z-nd-z-n",
            "duration": "300",
            "image": "public/uploads/courses/95ebd7f47441e5cf9154f7efc297039b.png",
            "thumbnail": "public/uploads/courses/8d0cc8b880cd9b27d4117b457ea9dfde.png",
            "price": 350000,
            "discount_price": null,
            "publish": 1,
            "status": 1,
            "level": 3,
            "trailer_link": null,
            "host": "",
            "meta_keywords": "",
            "meta_description": "",
            "about": {
                "ar": "<p>وانەی زیندەزانی پۆلی ١٢ی زانستی لەگەڵ مامۆستای شارەزا و پسپۆڕی زیندەزانی (م. بەرهەم ئەنوەر) کە لە ساڵی خوێندنی ٢٠١١ - ٢٠١٢ وانەی زیندەزانی پۆلی ١٢ دەلێتەوە.</p><div><br></div>",
                "en": "<p>وانەی زیندەزانی پۆلی ١٢ی زانستی لەگەڵ مامۆستای شارەزا و پسپۆڕی زیندەزانی (م. بەرهەم ئەنوەر) کە لە ساڵی خوێندنی ٢٠١١ - ٢٠١٢ وانەی زیندەزانی پۆلی ١٢ دەلێتەوە.</p><div><br></div>"
            },
            "special_commission": null,
            "total_enrolled": 1,
            "reveune": 0,
            "reveiw": 0,
            "type": 1,
            "created_at": "2022-09-13T04:58:34.000000Z",
            "updated_at": "2022-09-19T18:56:39.000000Z",
            "drip": 0,
            "subscription": "0",
            "requirements": {
                "ar": "<p>وانەی زیندەزانی بۆ پۆلی ١٢ ی زانستی.</p><p>- فێرخوازی پۆلی ١١ بێت و دەرچوو بێت بۆ پۆلی ١٢</p><p>- فێرخوازی پۆلی ١٢ بێت</p><p>- فێرخواز ساڵی دووەمی پۆلی ١٢ بێت</p><p>- فێرخواز دەوری دووەمی پۆلی ١٢ بێت</p><p><br></p>",
                "en": "<p>وانەی زیندەزانی بۆ پۆلی ١٢ ی زانستی.</p><p>- فێرخوازی پۆلی ١١ بێت و دەرچوو بێت بۆ پۆلی ١٢</p><p>- فێرخوازی پۆلی ١٢ بێت</p><p>- فێرخواز ساڵی دووەمی پۆلی ١٢ بێت</p><p>- فێرخواز دەوری دووەمی پۆلی ١٢ بێت</p><p><br></p>"
            },
            "outcomes": {
                "ar": "<p>پاش تەواو کردنی ئەم کۆرسە فێرخواز فێر دەبێت:</p><p>- تەواو کردنی مەنهەجی زیندەزانی.</p><p>- وەرگرتنی کویزو تاقیکردنەوەی جۆراوجۆر</p><p>- دوبارە کردنەوەی کۆرسەکان و وانەکان زیاد لە جارێک</p><p>- بەردەست بوونی کۆرس بۆ ماوەی ١ ساڵ لە بەرواری کرینیەوە.</p>",
                "en": "<p>پاش تەواو کردنی ئەم کۆرسە فێرخواز فێر دەبێت:</p><p>- تەواو کردنی مەنهەجی زیندەزانی.</p><p>- وەرگرتنی کویزو تاقیکردنەوەی جۆراوجۆر</p><p>- دوبارە کردنەوەی کۆرسەکان و وانەکان زیاد لە جارێک</p><p>- بەردەست بوونی کۆرس بۆ ماوەی ١ ساڵ لە بەرواری کرینیەوە.</p>"
            },
            "lms_id": 1,
            "subscription_list": null,
            "total_rating": 0,
            "scope": 1,
            "complete_order": 0,
            "certificate_id": null,
            "show_overview_media": 0,
            "show_mode_of_delivery": 1,
            "mode_of_delivery": 1,
            "what_learn1": null,
            "what_learn2": null,
            "view": 3,
            "feature": 0,
            "assistant_instructors": null,
            "required_type": 0,
            "dateFormat": "13th Sep, 2022",
            "publishedDate": "13th Sep, 2022",
            "sumRev": 0,
            "purchasePrice": 350000,
            "enrollCount": 1,
            "user": {
                "id": 4,
                "role_id": 2,
                "name": "بەرهەم ئەنوەر",
                "photo": "public/demo/user/admin.jpg",
                "image": "public/uploads/instructors/e58361ad31ca116c86e5da4d830663d9.jpg",
                "avatar": "public/uploads/instructors/e58361ad31ca116c86e5da4d830663d9.jpg",
                "mobile_verified_at": null,
                "email_verified_at": "2022-06-23T07:20:05.000000Z",
                "notification_preference": "mail",
                "is_active": 1,
                "username": null,
                "email": "fatih3@gmail.com",
                "email_verify": "1",
                "headline": null,
                "phone": "07701466233",
                "address": null,
                "city": "1374",
                "country": "104",
                "zip": null,
                "dob": "",
                "about": "<p><span style=\"color: rgb(5, 5, 5); font-family: &quot;Segoe UI Historic&quot;, &quot;Segoe UI&quot;, Helvetica, Arial, sans-serif; font-size: 15px; text-align: right;\">یەکێک لە مامۆستا پسپۆرەکانی وانەی زیندەزانی پۆلی دوازدەی زانستی لەسەر ئاستی سلێمانی و کوردستان</span><br></p>",
                "short_details": null,
                "facebook": "",
                "twitter": "",
                "linkedin": null,
                "instagram": "",
                "youtube": null,
                "subscribe": 0,
                "provider": null,
                "provider_id": null,
                "language_id": "19",
                "language_code": "en",
                "language_name": "English",
                "status": 1,
                "balance": 0,
                "currency_id": 112,
                "special_commission": 0,
                "payout": "PayPal",
                "payout_icon": "public/uploads/payout/pay_1.png",
                "payout_email": "demo@paypal.com",
                "referral": null,
                "added_by": 1,
                "zoom_api_key_of_user": null,
                "zoom_api_serect_of_user": null,
                "created_at": "2022-06-23T07:20:05.000000Z",
                "updated_at": "2022-09-08T00:56:20.000000Z",
                "bank_name": null,
                "branch_name": null,
                "bank_account_number": null,
                "account_holder_name": null,
                "bank_type": null,
                "lms_id": 1,
                "subscription_method": null,
                "subscription_api_key": null,
                "subscription_api_status": 0,
                "total_rating": 0,
                "language_rtl": 0,
                "gender": null,
                "student_type": null,
                "identification_number": null,
                "job_title": null,
                "company_id": null,
                "student_group_id": null,
                "last_activity_at": null,
                "teach_via": 1,
                "access_token": null,
                "device_token": null,
                "policy_id": null,
                "state": null,
                "company": null,
                "first_name": "بەرهەم ئەنوەر",
                "last_name": "",
                "blocked_by_me": null
            },
            "enrolls": [
                {
                    "id": 8,
                    "tracking": "KNKDT7DK6VXU",
                    "user_id": 14,
                    "course_id": 11,
                    "purchase_price": 350000,
                    "coupon": null,
                    "discount_amount": 0,
                    "status": 1,
                    "reveune": 0,
                    "reason": null,
                    "created_at": "2022-09-13T05:45:26.000000Z",
                    "updated_at": "2022-09-13T05:45:26.000000Z",
                    "subscription": "0",
                    "subscription_validity_date": null,
                    "lms_id": 1,
                    "last_view_at": null,
                    "enrolledDate": "13th September 2022 8:26 am"
                }
            ]
        }
    ],
    "total": 12,
    "message": "Getting Courses Data"
}