{
    "success": true,
    "data": {
        "id": 11,
        "category_id": 2,
        "subcategory_id": 12,
        "quiz_id": null,
        "class_id": null,
        "user_id": 4,
        "lang_id": 3,
        "title": {
            "ar": "زیندەزانی",
            "en": "زیندەزانی"
        },
        "slug": "z-nd-z-n",
        "duration": "300",
        "image": "public/uploads/courses/95ebd7f47441e5cf9154f7efc297039b.png",
        "thumbnail": "public/uploads/courses/8d0cc8b880cd9b27d4117b457ea9dfde.png",
        "price": 350000,
        "discount_price": null,
        "publish": 1,
        "status": 1,
        "level": 3,
        "trailer_link": null,
        "host": "",
        "meta_keywords": "",
        "meta_description": "",
        "about": {
            "ar": "<p>وانەی زیندەزانی پۆلی ١٢ی زانستی لەگەڵ مامۆستای شارەزا و پسپۆڕی زیندەزانی (م. بەرهەم ئەنوەر) کە لە ساڵی خوێندنی ٢٠١١ - ٢٠١٢ وانەی زیندەزانی پۆلی ١٢ دەلێتەوە.</p><div><br></div>",
            "en": "<p>وانەی زیندەزانی پۆلی ١٢ی زانستی لەگەڵ مامۆستای شارەزا و پسپۆڕی زیندەزانی (م. بەرهەم ئەنوەر) کە لە ساڵی خوێندنی ٢٠١١ - ٢٠١٢ وانەی زیندەزانی پۆلی ١٢ دەلێتەوە.</p><div><br></div>"
        },
        "special_commission": null,
        "total_enrolled": 1,
        "reveune": 0,
        "reveiw": 0,
        "type": 1,
        "created_at": "2022-09-13T04:58:34.000000Z",
        "updated_at": "2022-09-13T05:45:26.000000Z",
        "drip": 0,
        "subscription": "0",
        "requirements": {
            "ar": "<p>وانەی زیندەزانی بۆ پۆلی ١٢ ی زانستی.</p><p>- فێرخوازی پۆلی ١١ بێت و دەرچوو بێت بۆ پۆلی ١٢</p><p>- فێرخوازی پۆلی ١٢ بێت</p><p>- فێرخواز ساڵی دووەمی پۆلی ١٢ بێت</p><p>- فێرخواز دەوری دووەمی پۆلی ١٢ بێت</p><p><br></p>",
            "en": "<p>وانەی زیندەزانی بۆ پۆلی ١٢ ی زانستی.</p><p>- فێرخوازی پۆلی ١١ بێت و دەرچوو بێت بۆ پۆلی ١٢</p><p>- فێرخوازی پۆلی ١٢ بێت</p><p>- فێرخواز ساڵی دووەمی پۆلی ١٢ بێت</p><p>- فێرخواز دەوری دووەمی پۆلی ١٢ بێت</p><p><br></p>"
        },
        "outcomes": {
            "ar": "<p>پاش تەواو کردنی ئەم کۆرسە فێرخواز فێر دەبێت:</p><p>- تەواو کردنی مەنهەجی زیندەزانی.</p><p>- وەرگرتنی کویزو تاقیکردنەوەی جۆراوجۆر</p><p>- دوبارە کردنەوەی کۆرسەکان و وانەکان زیاد لە جارێک</p><p>- بەردەست بوونی کۆرس بۆ ماوەی ١ ساڵ لە بەرواری کرینیەوە.</p>",
            "en": "<p>پاش تەواو کردنی ئەم کۆرسە فێرخواز فێر دەبێت:</p><p>- تەواو کردنی مەنهەجی زیندەزانی.</p><p>- وەرگرتنی کویزو تاقیکردنەوەی جۆراوجۆر</p><p>- دوبارە کردنەوەی کۆرسەکان و وانەکان زیاد لە جارێک</p><p>- بەردەست بوونی کۆرس بۆ ماوەی ١ ساڵ لە بەرواری کرینیەوە.</p>"
        },
        "lms_id": 1,
        "subscription_list": null,
        "total_rating": 0,
        "scope": 1,
        "complete_order": 0,
        "certificate_id": null,
        "show_overview_media": 0,
        "show_mode_of_delivery": 1,
        "mode_of_delivery": 1,
        "what_learn1": null,
        "what_learn2": null,
        "view": 1,
        "feature": 0,
        "assistant_instructors": null,
        "required_type": 0,
        "total_percentage": 0,
        "reviews": [],
        "dateFormat": "13th Sep, 2022",
        "publishedDate": "13th Sep, 2022",
        "sumRev": 0,
        "purchasePrice": 350000,
        "enrollCount": 1,
        "user": {
            "id": 4,
            "role_id": 2,
            "name": "بەرهەم ئەنوەر",
            "photo": "public/demo/user/admin.jpg",
            "image": "public/uploads/instructors/e58361ad31ca116c86e5da4d830663d9.jpg",
            "avatar": "public/uploads/instructors/e58361ad31ca116c86e5da4d830663d9.jpg",
            "mobile_verified_at": null,
            "email_verified_at": "2022-06-23T07:20:05.000000Z",
            "notification_preference": "mail",
            "is_active": 1,
            "username": null,
            "email": "fatih3@gmail.com",
            "email_verify": "1",
            "headline": null,
            "phone": "07701466233",
            "address": null,
            "city": "1374",
            "country": "104",
            "zip": null,
            "dob": "",
            "about": "<p><span style=\"color: rgb(5, 5, 5); font-family: &quot;Segoe UI Historic&quot;, &quot;Segoe UI&quot;, Helvetica, Arial, sans-serif; font-size: 15px; text-align: right;\">یەکێک لە مامۆستا پسپۆرەکانی وانەی زیندەزانی پۆلی دوازدەی زانستی لەسەر ئاستی سلێمانی و کوردستان</span><br></p>",
            "short_details": null,
            "facebook": "",
            "twitter": "",
            "linkedin": null,
            "instagram": "",
            "youtube": null,
            "subscribe": 0,
            "provider": null,
            "provider_id": null,
            "language_id": "19",
            "language_code": "en",
            "language_name": "English",
            "status": 1,
            "balance": 0,
            "currency_id": 112,
            "special_commission": 0,
            "payout": "PayPal",
            "payout_icon": "public/uploads/payout/pay_1.png",
            "payout_email": "demo@paypal.com",
            "referral": null,
            "added_by": 1,
            "zoom_api_key_of_user": null,
            "zoom_api_serect_of_user": null,
            "created_at": "2022-06-23T07:20:05.000000Z",
            "updated_at": "2022-09-08T00:56:20.000000Z",
            "bank_name": null,
            "branch_name": null,
            "bank_account_number": null,
            "account_holder_name": null,
            "bank_type": null,
            "lms_id": 1,
            "subscription_method": null,
            "subscription_api_key": null,
            "subscription_api_status": 0,
            "total_rating": 0,
            "language_rtl": 0,
            "gender": null,
            "student_type": null,
            "identification_number": null,
            "job_title": null,
            "company_id": null,
            "student_group_id": null,
            "last_activity_at": null,
            "teach_via": 1,
            "access_token": null,
            "device_token": null,
            "policy_id": null,
            "state": null,
            "company": null,
            "first_name": "بەرهەم ئەنوەر",
            "last_name": "",
            "blocked_by_me": null
        },
        "chapters": [
            {
                "id": 6,
                "course_id": 11,
                "name": "چاپتەری یەکەم / پەیکەرە کۆئەندام و ماسولکە کۆ ئەندام",
                "chapter_no": 1,
                "is_lock": 1,
                "unlock_date": null,
                "unlock_days": null,
                "created_at": "2022-09-13T05:36:17.000000Z",
                "updated_at": "2022-09-13T05:36:17.000000Z",
                "position": 999999,
                "lms_id": 1
            },
            {
                "id": 7,
                "course_id": 11,
                "name": "چاپتەری دووەم / کۆئەندامی سوڕان و کۆئەندامی هەناسە",
                "chapter_no": 1,
                "is_lock": 1,
                "unlock_date": null,
                "unlock_days": null,
                "created_at": "2022-09-13T05:41:18.000000Z",
                "updated_at": "2022-09-13T05:41:18.000000Z",
                "position": 999999,
                "lms_id": 1
            }
        ],
        "lessons": [
            {
                "id": 9,
                "course_id": 11,
                "chapter_id": 6,
                "quiz_id": null,
                "name": "بەشی یەکەم/ رێکخستی لەشی مرۆف",
                "description": "",
                "video_url": "/videos/692757671",
                "host": "Vimeo",
                "duration": "20",
                "is_lock": 1,
                "is_quiz": 0,
                "unlock_date": null,
                "unlock_days": null,
                "created_at": "2022-09-13T05:39:40.000000Z",
                "updated_at": "2022-09-13T05:39:40.000000Z",
                "position": 999999,
                "lms_id": 1,
                "is_assignment": 0,
                "assignment_id": null,
                "old_file_size": null,
                "file_size": null,
                "quiz": []
            },
            {
                "id": 10,
                "course_id": 11,
                "chapter_id": 6,
                "quiz_id": null,
                "name": "بەشی دووەم/ پەیکەرە کۆئەندام",
                "description": "",
                "video_url": "/videos/692757671",
                "host": "Vimeo",
                "duration": "25",
                "is_lock": 1,
                "is_quiz": 0,
                "unlock_date": null,
                "unlock_days": null,
                "created_at": "2022-09-13T05:40:07.000000Z",
                "updated_at": "2022-09-13T05:40:07.000000Z",
                "position": 999999,
                "lms_id": 1,
                "is_assignment": 0,
                "assignment_id": null,
                "old_file_size": null,
                "file_size": null,
                "quiz": []
            },
            {
                "id": 11,
                "course_id": 11,
                "chapter_id": 6,
                "quiz_id": null,
                "name": "بەشی سێهەم/ ماسولکە کۆئەندام",
                "description": "",
                "video_url": "/videos/692757671",
                "host": "Vimeo",
                "duration": "15",
                "is_lock": 1,
                "is_quiz": 0,
                "unlock_date": null,
                "unlock_days": null,
                "created_at": "2022-09-13T05:41:03.000000Z",
                "updated_at": "2022-09-13T05:41:03.000000Z",
                "position": 999999,
                "lms_id": 1,
                "is_assignment": 0,
                "assignment_id": null,
                "old_file_size": null,
                "file_size": null,
                "quiz": []
            },
            {
                "id": 12,
                "course_id": 11,
                "chapter_id": 7,
                "quiz_id": null,
                "name": "بەشی یەکەم/ کۆئەندامی سوڕان",
                "description": "",
                "video_url": "/videos/692757671",
                "host": "Vimeo",
                "duration": "20",
                "is_lock": 1,
                "is_quiz": 0,
                "unlock_date": null,
                "unlock_days": null,
                "created_at": "2022-09-13T05:41:48.000000Z",
                "updated_at": "2022-09-13T05:41:48.000000Z",
                "position": 999999,
                "lms_id": 1,
                "is_assignment": 0,
                "assignment_id": null,
                "old_file_size": null,
                "file_size": null,
                "quiz": []
            },
            {
                "id": 13,
                "course_id": 11,
                "chapter_id": 7,
                "quiz_id": null,
                "name": "بەشی دووەم/ خوێن",
                "description": "",
                "video_url": "/videos/692757671",
                "host": "Vimeo",
                "duration": "35",
                "is_lock": 1,
                "is_quiz": 0,
                "unlock_date": null,
                "unlock_days": null,
                "created_at": "2022-09-13T05:42:30.000000Z",
                "updated_at": "2022-09-13T05:42:30.000000Z",
                "position": 999999,
                "lms_id": 1,
                "is_assignment": 0,
                "assignment_id": null,
                "old_file_size": null,
                "file_size": null,
                "quiz": []
            },
            {
                "id": 14,
                "course_id": 11,
                "chapter_id": 7,
                "quiz_id": null,
                "name": "بەشی سێهەم/ کۆئەندامی هەناسە",
                "description": "",
                "video_url": "/videos/692757671",
                "host": "Vimeo",
                "duration": "28",
                "is_lock": 1,
                "is_quiz": 0,
                "unlock_date": null,
                "unlock_days": null,
                "created_at": "2022-09-13T05:43:05.000000Z",
                "updated_at": "2022-09-13T05:43:05.000000Z",
                "position": 999999,
                "lms_id": 1,
                "is_assignment": 0,
                "assignment_id": null,
                "old_file_size": null,
                "file_size": null,
                "quiz": []
            }
        ],
        "files": [],
        "comments": [],
        "complete_lessons": [],
        "enrolls": [
            {
                "id": 8,
                "tracking": "KNKDT7DK6VXU",
                "user_id": 14,
                "course_id": 11,
                "purchase_price": 350000,
                "coupon": null,
                "discount_amount": 0,
                "status": 1,
                "reveune": 0,
                "reason": null,
                "created_at": "2022-09-13T05:45:26.000000Z",
                "updated_at": "2022-09-13T05:45:26.000000Z",
                "subscription": "0",
                "subscription_validity_date": null,
                "lms_id": 1,
                "last_view_at": null,
                "enrolledDate": "13th September 2022 8:26 am"
            }
        ]
    },
    "message": "Getting Course Data"
}